,Product Title,Overview,Product Url,Img Url
0,The 7 Secrets Of Greatness,Discover The 7 Secrets To Stepping Into Your Greatness!,http://www.masterresellrights.com/products/master-resale-rights/the-7-secrets-of-greatness.html,http://www.masterresellrights.com/pub/images/products/7secretsgreatness_mrr.png
1, Failure Rates Online,Learn why online business failure rates are so high!,http://www.masterresellrights.com/products/master-resale-rights/-failure-rates-online.html,http://www.masterresellrights.com/pub/images/products/failureratesonline_mrr.png
2,Start Your Own Coaching Business,Are You Ready To Make A Significant Income Online With Your Valuable Knowledge? It’s About Time For You To Start Your Own Coaching Business!,http://www.masterresellrights.com/products/master-resale-rights/start-your-own-coaching-business.html,http://www.masterresellrights.com/pub/images/products/startowncoachbusiness_mrr.png
3, How To Be A Freelance Writer ,"Kick Start Your Freelance Writing Career, Right Now! Is Your Itch To Write Getting You Nowhere? You Could Earn Over $3,000 Sitting Comfortably At Your Home!",http://www.masterresellrights.com/products/master-resale-rights/-how-to-be-a-freelance-writer-.html,http://www.masterresellrights.com/pub/images/products/howbefreelancewriter_mrr.png
4,Internet Marketing Mistakes,"Get to know about the most common mistakes that people make in Internet marketing, so that you know what to avoid and can earn the maximum returns on your investment!",http://www.masterresellrights.com/products/master-resale-rights/internet-marketing-mistakes.html,http://www.masterresellrights.com/pub/images/products/internetmarketingmistakes_mrr.png
5,Instagram Ads Success,Discover Eight Secrets To Instagram Ads Success!,http://www.masterresellrights.com/products/master-resale-rights/instagram-ads-success.html,http://www.masterresellrights.com/pub/images/products/voice-over.png
6,Make Online Cash Quick,Discover Quick And Easy Ways To Make Extra Cash!,http://www.masterresellrights.com/products/master-resale-rights/make-online-cash-quick.html,http://www.masterresellrights.com/pub/images/products/makeonlinecashquick_mrr.png
7,Launch Your Online Course,Who Else Wants To Learn How To Start and Launch Their Very Own Online Course? Turn What You Know Into An Online Course By Following This Step-by-Step Guide!,http://www.masterresellrights.com/products/master-resale-rights/launch-your-online-course.html,http://www.masterresellrights.com/pub/images/products/launchyronlncoursevids_mrr.png
8,10 Motivation Hacks From Successful People,Finally wake up feeling motivated to take on the day!,http://www.masterresellrights.com/products/master-resale-rights/10-motivation-hacks-from-successful-people.html,http://www.masterresellrights.com/pub/images/products/10motihackssuccpple_mrr.png
9,Power Of Social Media Stories For Marketers,Discover The Power Of Social Media Stories For Marketers!,http://www.masterresellrights.com/products/master-resale-rights/power-of-social-media-stories-for-marketers.html,http://www.masterresellrights.com/pub/images/products/powsocmedstormrktrs_mrr.png
10,The 7 Secrets Of Greatness,Discover The 7 Secrets To Stepping Into Your Greatness!,http://www.masterresellrights.com/products/master-resale-rights/the-7-secrets-of-greatness.html,http://www.masterresellrights.com/pub/images/products/7secretsgreatness_mrr.png
11, Failure Rates Online,Learn why online business failure rates are so high!,http://www.masterresellrights.com/products/master-resale-rights/-failure-rates-online.html,http://www.masterresellrights.com/pub/images/products/failureratesonline_mrr.png
12,Start Your Own Coaching Business,Are You Ready To Make A Significant Income Online With Your Valuable Knowledge? It’s About Time For You To Start Your Own Coaching Business!,http://www.masterresellrights.com/products/master-resale-rights/start-your-own-coaching-business.html,http://www.masterresellrights.com/pub/images/products/startowncoachbusiness_mrr.png
13, How To Be A Freelance Writer ,"Kick Start Your Freelance Writing Career, Right Now! Is Your Itch To Write Getting You Nowhere? You Could Earn Over $3,000 Sitting Comfortably At Your Home!",http://www.masterresellrights.com/products/master-resale-rights/-how-to-be-a-freelance-writer-.html,http://www.masterresellrights.com/pub/images/products/howbefreelancewriter_mrr.png
14,Internet Marketing Mistakes,"Get to know about the most common mistakes that people make in Internet marketing, so that you know what to avoid and can earn the maximum returns on your investment!",http://www.masterresellrights.com/products/master-resale-rights/internet-marketing-mistakes.html,http://www.masterresellrights.com/pub/images/products/internetmarketingmistakes_mrr.png
15,Instagram Ads Success,Discover Eight Secrets To Instagram Ads Success!,http://www.masterresellrights.com/products/master-resale-rights/instagram-ads-success.html,http://www.masterresellrights.com/pub/images/products/voice-over.png
16,Make Online Cash Quick,Discover Quick And Easy Ways To Make Extra Cash!,http://www.masterresellrights.com/products/master-resale-rights/make-online-cash-quick.html,http://www.masterresellrights.com/pub/images/products/makeonlinecashquick_mrr.png
17,Launch Your Online Course,Who Else Wants To Learn How To Start and Launch Their Very Own Online Course? Turn What You Know Into An Online Course By Following This Step-by-Step Guide!,http://www.masterresellrights.com/products/master-resale-rights/launch-your-online-course.html,http://www.masterresellrights.com/pub/images/products/launchyronlncoursevids_mrr.png
18,10 Motivation Hacks From Successful People,Finally wake up feeling motivated to take on the day!,http://www.masterresellrights.com/products/master-resale-rights/10-motivation-hacks-from-successful-people.html,http://www.masterresellrights.com/pub/images/products/10motihackssuccpple_mrr.png
19,Power Of Social Media Stories For Marketers,Discover The Power Of Social Media Stories For Marketers!,http://www.masterresellrights.com/products/master-resale-rights/power-of-social-media-stories-for-marketers.html,http://www.masterresellrights.com/pub/images/products/powsocmedstormrktrs_mrr.png
20,The 7 Secrets Of Greatness,Discover The 7 Secrets To Stepping Into Your Greatness!,http://www.masterresellrights.com/products/master-resale-rights/the-7-secrets-of-greatness.html,http://www.masterresellrights.com/pub/images/products/7secretsgreatness_mrr.png
21, Failure Rates Online,Learn why online business failure rates are so high!,http://www.masterresellrights.com/products/master-resale-rights/-failure-rates-online.html,http://www.masterresellrights.com/pub/images/products/failureratesonline_mrr.png
22,Start Your Own Coaching Business,Are You Ready To Make A Significant Income Online With Your Valuable Knowledge? It’s About Time For You To Start Your Own Coaching Business!,http://www.masterresellrights.com/products/master-resale-rights/start-your-own-coaching-business.html,http://www.masterresellrights.com/pub/images/products/startowncoachbusiness_mrr.png
23, How To Be A Freelance Writer ,"Kick Start Your Freelance Writing Career, Right Now! Is Your Itch To Write Getting You Nowhere? You Could Earn Over $3,000 Sitting Comfortably At Your Home!",http://www.masterresellrights.com/products/master-resale-rights/-how-to-be-a-freelance-writer-.html,http://www.masterresellrights.com/pub/images/products/howbefreelancewriter_mrr.png
24,Internet Marketing Mistakes,"Get to know about the most common mistakes that people make in Internet marketing, so that you know what to avoid and can earn the maximum returns on your investment!",http://www.masterresellrights.com/products/master-resale-rights/internet-marketing-mistakes.html,http://www.masterresellrights.com/pub/images/products/internetmarketingmistakes_mrr.png
25,Instagram Ads Success,Discover Eight Secrets To Instagram Ads Success!,http://www.masterresellrights.com/products/master-resale-rights/instagram-ads-success.html,http://www.masterresellrights.com/pub/images/products/voice-over.png
26,Make Online Cash Quick,Discover Quick And Easy Ways To Make Extra Cash!,http://www.masterresellrights.com/products/master-resale-rights/make-online-cash-quick.html,http://www.masterresellrights.com/pub/images/products/makeonlinecashquick_mrr.png
27,Launch Your Online Course,Who Else Wants To Learn How To Start and Launch Their Very Own Online Course? Turn What You Know Into An Online Course By Following This Step-by-Step Guide!,http://www.masterresellrights.com/products/master-resale-rights/launch-your-online-course.html,http://www.masterresellrights.com/pub/images/products/launchyronlncoursevids_mrr.png
28,10 Motivation Hacks From Successful People,Finally wake up feeling motivated to take on the day!,http://www.masterresellrights.com/products/master-resale-rights/10-motivation-hacks-from-successful-people.html,http://www.masterresellrights.com/pub/images/products/10motihackssuccpple_mrr.png
29,Power Of Social Media Stories For Marketers,Discover The Power Of Social Media Stories For Marketers!,http://www.masterresellrights.com/products/master-resale-rights/power-of-social-media-stories-for-marketers.html,http://www.masterresellrights.com/pub/images/products/powsocmedstormrktrs_mrr.png
30,The 7 Secrets Of Greatness,Discover The 7 Secrets To Stepping Into Your Greatness!,http://www.masterresellrights.com/products/master-resale-rights/the-7-secrets-of-greatness.html,http://www.masterresellrights.com/pub/images/products/7secretsgreatness_mrr.png
31, Failure Rates Online,Learn why online business failure rates are so high!,http://www.masterresellrights.com/products/master-resale-rights/-failure-rates-online.html,http://www.masterresellrights.com/pub/images/products/failureratesonline_mrr.png
32,Start Your Own Coaching Business,Are You Ready To Make A Significant Income Online With Your Valuable Knowledge? It’s About Time For You To Start Your Own Coaching Business!,http://www.masterresellrights.com/products/master-resale-rights/start-your-own-coaching-business.html,http://www.masterresellrights.com/pub/images/products/startowncoachbusiness_mrr.png
33, How To Be A Freelance Writer ,"Kick Start Your Freelance Writing Career, Right Now! Is Your Itch To Write Getting You Nowhere? You Could Earn Over $3,000 Sitting Comfortably At Your Home!",http://www.masterresellrights.com/products/master-resale-rights/-how-to-be-a-freelance-writer-.html,http://www.masterresellrights.com/pub/images/products/howbefreelancewriter_mrr.png
34,Internet Marketing Mistakes,"Get to know about the most common mistakes that people make in Internet marketing, so that you know what to avoid and can earn the maximum returns on your investment!",http://www.masterresellrights.com/products/master-resale-rights/internet-marketing-mistakes.html,http://www.masterresellrights.com/pub/images/products/internetmarketingmistakes_mrr.png
35,Instagram Ads Success,Discover Eight Secrets To Instagram Ads Success!,http://www.masterresellrights.com/products/master-resale-rights/instagram-ads-success.html,http://www.masterresellrights.com/pub/images/products/voice-over.png
36,Make Online Cash Quick,Discover Quick And Easy Ways To Make Extra Cash!,http://www.masterresellrights.com/products/master-resale-rights/make-online-cash-quick.html,http://www.masterresellrights.com/pub/images/products/makeonlinecashquick_mrr.png
37,Launch Your Online Course,Who Else Wants To Learn How To Start and Launch Their Very Own Online Course? Turn What You Know Into An Online Course By Following This Step-by-Step Guide!,http://www.masterresellrights.com/products/master-resale-rights/launch-your-online-course.html,http://www.masterresellrights.com/pub/images/products/launchyronlncoursevids_mrr.png
38,10 Motivation Hacks From Successful People,Finally wake up feeling motivated to take on the day!,http://www.masterresellrights.com/products/master-resale-rights/10-motivation-hacks-from-successful-people.html,http://www.masterresellrights.com/pub/images/products/10motihackssuccpple_mrr.png
39,Power Of Social Media Stories For Marketers,Discover The Power Of Social Media Stories For Marketers!,http://www.masterresellrights.com/products/master-resale-rights/power-of-social-media-stories-for-marketers.html,http://www.masterresellrights.com/pub/images/products/powsocmedstormrktrs_mrr.png
40,The 7 Secrets Of Greatness,Discover The 7 Secrets To Stepping Into Your Greatness!,http://www.masterresellrights.com/products/master-resale-rights/the-7-secrets-of-greatness.html,http://www.masterresellrights.com/pub/images/products/7secretsgreatness_mrr.png
41, Failure Rates Online,Learn why online business failure rates are so high!,http://www.masterresellrights.com/products/master-resale-rights/-failure-rates-online.html,http://www.masterresellrights.com/pub/images/products/failureratesonline_mrr.png
42,Start Your Own Coaching Business,Are You Ready To Make A Significant Income Online With Your Valuable Knowledge? It’s About Time For You To Start Your Own Coaching Business!,http://www.masterresellrights.com/products/master-resale-rights/start-your-own-coaching-business.html,http://www.masterresellrights.com/pub/images/products/startowncoachbusiness_mrr.png
43, How To Be A Freelance Writer ,"Kick Start Your Freelance Writing Career, Right Now! Is Your Itch To Write Getting You Nowhere? You Could Earn Over $3,000 Sitting Comfortably At Your Home!",http://www.masterresellrights.com/products/master-resale-rights/-how-to-be-a-freelance-writer-.html,http://www.masterresellrights.com/pub/images/products/howbefreelancewriter_mrr.png
44,Internet Marketing Mistakes,"Get to know about the most common mistakes that people make in Internet marketing, so that you know what to avoid and can earn the maximum returns on your investment!",http://www.masterresellrights.com/products/master-resale-rights/internet-marketing-mistakes.html,http://www.masterresellrights.com/pub/images/products/internetmarketingmistakes_mrr.png
45,Instagram Ads Success,Discover Eight Secrets To Instagram Ads Success!,http://www.masterresellrights.com/products/master-resale-rights/instagram-ads-success.html,http://www.masterresellrights.com/pub/images/products/voice-over.png
46,Make Online Cash Quick,Discover Quick And Easy Ways To Make Extra Cash!,http://www.masterresellrights.com/products/master-resale-rights/make-online-cash-quick.html,http://www.masterresellrights.com/pub/images/products/makeonlinecashquick_mrr.png
47,Launch Your Online Course,Who Else Wants To Learn How To Start and Launch Their Very Own Online Course? Turn What You Know Into An Online Course By Following This Step-by-Step Guide!,http://www.masterresellrights.com/products/master-resale-rights/launch-your-online-course.html,http://www.masterresellrights.com/pub/images/products/launchyronlncoursevids_mrr.png
48,10 Motivation Hacks From Successful People,Finally wake up feeling motivated to take on the day!,http://www.masterresellrights.com/products/master-resale-rights/10-motivation-hacks-from-successful-people.html,http://www.masterresellrights.com/pub/images/products/10motihackssuccpple_mrr.png
49,Power Of Social Media Stories For Marketers,Discover The Power Of Social Media Stories For Marketers!,http://www.masterresellrights.com/products/master-resale-rights/power-of-social-media-stories-for-marketers.html,http://www.masterresellrights.com/pub/images/products/powsocmedstormrktrs_mrr.png
50,The 7 Secrets Of Greatness,Discover The 7 Secrets To Stepping Into Your Greatness!,http://www.masterresellrights.com/products/master-resale-rights/the-7-secrets-of-greatness.html,http://www.masterresellrights.com/pub/images/products/7secretsgreatness_mrr.png
51, Failure Rates Online,Learn why online business failure rates are so high!,http://www.masterresellrights.com/products/master-resale-rights/-failure-rates-online.html,http://www.masterresellrights.com/pub/images/products/failureratesonline_mrr.png
52,Start Your Own Coaching Business,Are You Ready To Make A Significant Income Online With Your Valuable Knowledge? It’s About Time For You To Start Your Own Coaching Business!,http://www.masterresellrights.com/products/master-resale-rights/start-your-own-coaching-business.html,http://www.masterresellrights.com/pub/images/products/startowncoachbusiness_mrr.png
53, How To Be A Freelance Writer ,"Kick Start Your Freelance Writing Career, Right Now! Is Your Itch To Write Getting You Nowhere? You Could Earn Over $3,000 Sitting Comfortably At Your Home!",http://www.masterresellrights.com/products/master-resale-rights/-how-to-be-a-freelance-writer-.html,http://www.masterresellrights.com/pub/images/products/howbefreelancewriter_mrr.png
54,Internet Marketing Mistakes,"Get to know about the most common mistakes that people make in Internet marketing, so that you know what to avoid and can earn the maximum returns on your investment!",http://www.masterresellrights.com/products/master-resale-rights/internet-marketing-mistakes.html,http://www.masterresellrights.com/pub/images/products/internetmarketingmistakes_mrr.png
55,Instagram Ads Success,Discover Eight Secrets To Instagram Ads Success!,http://www.masterresellrights.com/products/master-resale-rights/instagram-ads-success.html,http://www.masterresellrights.com/pub/images/products/voice-over.png
56,Make Online Cash Quick,Discover Quick And Easy Ways To Make Extra Cash!,http://www.masterresellrights.com/products/master-resale-rights/make-online-cash-quick.html,http://www.masterresellrights.com/pub/images/products/makeonlinecashquick_mrr.png
57,Launch Your Online Course,Who Else Wants To Learn How To Start and Launch Their Very Own Online Course? Turn What You Know Into An Online Course By Following This Step-by-Step Guide!,http://www.masterresellrights.com/products/master-resale-rights/launch-your-online-course.html,http://www.masterresellrights.com/pub/images/products/launchyronlncoursevids_mrr.png
58,10 Motivation Hacks From Successful People,Finally wake up feeling motivated to take on the day!,http://www.masterresellrights.com/products/master-resale-rights/10-motivation-hacks-from-successful-people.html,http://www.masterresellrights.com/pub/images/products/10motihackssuccpple_mrr.png
59,Power Of Social Media Stories For Marketers,Discover The Power Of Social Media Stories For Marketers!,http://www.masterresellrights.com/products/master-resale-rights/power-of-social-media-stories-for-marketers.html,http://www.masterresellrights.com/pub/images/products/powsocmedstormrktrs_mrr.png
60,The 7 Secrets Of Greatness,Discover The 7 Secrets To Stepping Into Your Greatness!,http://www.masterresellrights.com/products/master-resale-rights/the-7-secrets-of-greatness.html,http://www.masterresellrights.com/pub/images/products/7secretsgreatness_mrr.png
61, Failure Rates Online,Learn why online business failure rates are so high!,http://www.masterresellrights.com/products/master-resale-rights/-failure-rates-online.html,http://www.masterresellrights.com/pub/images/products/failureratesonline_mrr.png
62,Start Your Own Coaching Business,Are You Ready To Make A Significant Income Online With Your Valuable Knowledge? It’s About Time For You To Start Your Own Coaching Business!,http://www.masterresellrights.com/products/master-resale-rights/start-your-own-coaching-business.html,http://www.masterresellrights.com/pub/images/products/startowncoachbusiness_mrr.png
63, How To Be A Freelance Writer ,"Kick Start Your Freelance Writing Career, Right Now! Is Your Itch To Write Getting You Nowhere? You Could Earn Over $3,000 Sitting Comfortably At Your Home!",http://www.masterresellrights.com/products/master-resale-rights/-how-to-be-a-freelance-writer-.html,http://www.masterresellrights.com/pub/images/products/howbefreelancewriter_mrr.png
64,Internet Marketing Mistakes,"Get to know about the most common mistakes that people make in Internet marketing, so that you know what to avoid and can earn the maximum returns on your investment!",http://www.masterresellrights.com/products/master-resale-rights/internet-marketing-mistakes.html,http://www.masterresellrights.com/pub/images/products/internetmarketingmistakes_mrr.png
65,Instagram Ads Success,Discover Eight Secrets To Instagram Ads Success!,http://www.masterresellrights.com/products/master-resale-rights/instagram-ads-success.html,http://www.masterresellrights.com/pub/images/products/voice-over.png
66,Make Online Cash Quick,Discover Quick And Easy Ways To Make Extra Cash!,http://www.masterresellrights.com/products/master-resale-rights/make-online-cash-quick.html,http://www.masterresellrights.com/pub/images/products/makeonlinecashquick_mrr.png
67,Launch Your Online Course,Who Else Wants To Learn How To Start and Launch Their Very Own Online Course? Turn What You Know Into An Online Course By Following This Step-by-Step Guide!,http://www.masterresellrights.com/products/master-resale-rights/launch-your-online-course.html,http://www.masterresellrights.com/pub/images/products/launchyronlncoursevids_mrr.png
68,10 Motivation Hacks From Successful People,Finally wake up feeling motivated to take on the day!,http://www.masterresellrights.com/products/master-resale-rights/10-motivation-hacks-from-successful-people.html,http://www.masterresellrights.com/pub/images/products/10motihackssuccpple_mrr.png
69,Power Of Social Media Stories For Marketers,Discover The Power Of Social Media Stories For Marketers!,http://www.masterresellrights.com/products/master-resale-rights/power-of-social-media-stories-for-marketers.html,http://www.masterresellrights.com/pub/images/products/powsocmedstormrktrs_mrr.png
70,The 7 Secrets Of Greatness,Discover The 7 Secrets To Stepping Into Your Greatness!,http://www.masterresellrights.com/products/master-resale-rights/the-7-secrets-of-greatness.html,http://www.masterresellrights.com/pub/images/products/7secretsgreatness_mrr.png
71, Failure Rates Online,Learn why online business failure rates are so high!,http://www.masterresellrights.com/products/master-resale-rights/-failure-rates-online.html,http://www.masterresellrights.com/pub/images/products/failureratesonline_mrr.png
72,Start Your Own Coaching Business,Are You Ready To Make A Significant Income Online With Your Valuable Knowledge? It’s About Time For You To Start Your Own Coaching Business!,http://www.masterresellrights.com/products/master-resale-rights/start-your-own-coaching-business.html,http://www.masterresellrights.com/pub/images/products/startowncoachbusiness_mrr.png
73, How To Be A Freelance Writer ,"Kick Start Your Freelance Writing Career, Right Now! Is Your Itch To Write Getting You Nowhere? You Could Earn Over $3,000 Sitting Comfortably At Your Home!",http://www.masterresellrights.com/products/master-resale-rights/-how-to-be-a-freelance-writer-.html,http://www.masterresellrights.com/pub/images/products/howbefreelancewriter_mrr.png
74,Internet Marketing Mistakes,"Get to know about the most common mistakes that people make in Internet marketing, so that you know what to avoid and can earn the maximum returns on your investment!",http://www.masterresellrights.com/products/master-resale-rights/internet-marketing-mistakes.html,http://www.masterresellrights.com/pub/images/products/internetmarketingmistakes_mrr.png
75,Instagram Ads Success,Discover Eight Secrets To Instagram Ads Success!,http://www.masterresellrights.com/products/master-resale-rights/instagram-ads-success.html,http://www.masterresellrights.com/pub/images/products/voice-over.png
76,Make Online Cash Quick,Discover Quick And Easy Ways To Make Extra Cash!,http://www.masterresellrights.com/products/master-resale-rights/make-online-cash-quick.html,http://www.masterresellrights.com/pub/images/products/makeonlinecashquick_mrr.png
77,Launch Your Online Course,Who Else Wants To Learn How To Start and Launch Their Very Own Online Course? Turn What You Know Into An Online Course By Following This Step-by-Step Guide!,http://www.masterresellrights.com/products/master-resale-rights/launch-your-online-course.html,http://www.masterresellrights.com/pub/images/products/launchyronlncoursevids_mrr.png
78,10 Motivation Hacks From Successful People,Finally wake up feeling motivated to take on the day!,http://www.masterresellrights.com/products/master-resale-rights/10-motivation-hacks-from-successful-people.html,http://www.masterresellrights.com/pub/images/products/10motihackssuccpple_mrr.png
79,Power Of Social Media Stories For Marketers,Discover The Power Of Social Media Stories For Marketers!,http://www.masterresellrights.com/products/master-resale-rights/power-of-social-media-stories-for-marketers.html,http://www.masterresellrights.com/pub/images/products/powsocmedstormrktrs_mrr.png
80,The 7 Secrets Of Greatness,Discover The 7 Secrets To Stepping Into Your Greatness!,http://www.masterresellrights.com/products/master-resale-rights/the-7-secrets-of-greatness.html,http://www.masterresellrights.com/pub/images/products/7secretsgreatness_mrr.png
81, Failure Rates Online,Learn why online business failure rates are so high!,http://www.masterresellrights.com/products/master-resale-rights/-failure-rates-online.html,http://www.masterresellrights.com/pub/images/products/failureratesonline_mrr.png
82,Start Your Own Coaching Business,Are You Ready To Make A Significant Income Online With Your Valuable Knowledge? It’s About Time For You To Start Your Own Coaching Business!,http://www.masterresellrights.com/products/master-resale-rights/start-your-own-coaching-business.html,http://www.masterresellrights.com/pub/images/products/startowncoachbusiness_mrr.png
83, How To Be A Freelance Writer ,"Kick Start Your Freelance Writing Career, Right Now! Is Your Itch To Write Getting You Nowhere? You Could Earn Over $3,000 Sitting Comfortably At Your Home!",http://www.masterresellrights.com/products/master-resale-rights/-how-to-be-a-freelance-writer-.html,http://www.masterresellrights.com/pub/images/products/howbefreelancewriter_mrr.png
84,Internet Marketing Mistakes,"Get to know about the most common mistakes that people make in Internet marketing, so that you know what to avoid and can earn the maximum returns on your investment!",http://www.masterresellrights.com/products/master-resale-rights/internet-marketing-mistakes.html,http://www.masterresellrights.com/pub/images/products/internetmarketingmistakes_mrr.png
85,Instagram Ads Success,Discover Eight Secrets To Instagram Ads Success!,http://www.masterresellrights.com/products/master-resale-rights/instagram-ads-success.html,http://www.masterresellrights.com/pub/images/products/voice-over.png
86,Make Online Cash Quick,Discover Quick And Easy Ways To Make Extra Cash!,http://www.masterresellrights.com/products/master-resale-rights/make-online-cash-quick.html,http://www.masterresellrights.com/pub/images/products/makeonlinecashquick_mrr.png
87,Launch Your Online Course,Who Else Wants To Learn How To Start and Launch Their Very Own Online Course? Turn What You Know Into An Online Course By Following This Step-by-Step Guide!,http://www.masterresellrights.com/products/master-resale-rights/launch-your-online-course.html,http://www.masterresellrights.com/pub/images/products/launchyronlncoursevids_mrr.png
88,10 Motivation Hacks From Successful People,Finally wake up feeling motivated to take on the day!,http://www.masterresellrights.com/products/master-resale-rights/10-motivation-hacks-from-successful-people.html,http://www.masterresellrights.com/pub/images/products/10motihackssuccpple_mrr.png
89,Power Of Social Media Stories For Marketers,Discover The Power Of Social Media Stories For Marketers!,http://www.masterresellrights.com/products/master-resale-rights/power-of-social-media-stories-for-marketers.html,http://www.masterresellrights.com/pub/images/products/powsocmedstormrktrs_mrr.png
90,The 7 Secrets Of Greatness,Discover The 7 Secrets To Stepping Into Your Greatness!,http://www.masterresellrights.com/products/master-resale-rights/the-7-secrets-of-greatness.html,http://www.masterresellrights.com/pub/images/products/7secretsgreatness_mrr.png
91, Failure Rates Online,Learn why online business failure rates are so high!,http://www.masterresellrights.com/products/master-resale-rights/-failure-rates-online.html,http://www.masterresellrights.com/pub/images/products/failureratesonline_mrr.png
92,Start Your Own Coaching Business,Are You Ready To Make A Significant Income Online With Your Valuable Knowledge? It’s About Time For You To Start Your Own Coaching Business!,http://www.masterresellrights.com/products/master-resale-rights/start-your-own-coaching-business.html,http://www.masterresellrights.com/pub/images/products/startowncoachbusiness_mrr.png
93, How To Be A Freelance Writer ,"Kick Start Your Freelance Writing Career, Right Now! Is Your Itch To Write Getting You Nowhere? You Could Earn Over $3,000 Sitting Comfortably At Your Home!",http://www.masterresellrights.com/products/master-resale-rights/-how-to-be-a-freelance-writer-.html,http://www.masterresellrights.com/pub/images/products/howbefreelancewriter_mrr.png
94,Internet Marketing Mistakes,"Get to know about the most common mistakes that people make in Internet marketing, so that you know what to avoid and can earn the maximum returns on your investment!",http://www.masterresellrights.com/products/master-resale-rights/internet-marketing-mistakes.html,http://www.masterresellrights.com/pub/images/products/internetmarketingmistakes_mrr.png
95,Instagram Ads Success,Discover Eight Secrets To Instagram Ads Success!,http://www.masterresellrights.com/products/master-resale-rights/instagram-ads-success.html,http://www.masterresellrights.com/pub/images/products/voice-over.png
96,Make Online Cash Quick,Discover Quick And Easy Ways To Make Extra Cash!,http://www.masterresellrights.com/products/master-resale-rights/make-online-cash-quick.html,http://www.masterresellrights.com/pub/images/products/makeonlinecashquick_mrr.png
97,Launch Your Online Course,Who Else Wants To Learn How To Start and Launch Their Very Own Online Course? Turn What You Know Into An Online Course By Following This Step-by-Step Guide!,http://www.masterresellrights.com/products/master-resale-rights/launch-your-online-course.html,http://www.masterresellrights.com/pub/images/products/launchyronlncoursevids_mrr.png
98,10 Motivation Hacks From Successful People,Finally wake up feeling motivated to take on the day!,http://www.masterresellrights.com/products/master-resale-rights/10-motivation-hacks-from-successful-people.html,http://www.masterresellrights.com/pub/images/products/10motihackssuccpple_mrr.png
99,Power Of Social Media Stories For Marketers,Discover The Power Of Social Media Stories For Marketers!,http://www.masterresellrights.com/products/master-resale-rights/power-of-social-media-stories-for-marketers.html,http://www.masterresellrights.com/pub/images/products/powsocmedstormrktrs_mrr.png
100,The 7 Secrets Of Greatness,Discover The 7 Secrets To Stepping Into Your Greatness!,http://www.masterresellrights.com/products/master-resale-rights/the-7-secrets-of-greatness.html,http://www.masterresellrights.com/pub/images/products/7secretsgreatness_mrr.png
101, Failure Rates Online,Learn why online business failure rates are so high!,http://www.masterresellrights.com/products/master-resale-rights/-failure-rates-online.html,http://www.masterresellrights.com/pub/images/products/failureratesonline_mrr.png
102,Start Your Own Coaching Business,Are You Ready To Make A Significant Income Online With Your Valuable Knowledge? It’s About Time For You To Start Your Own Coaching Business!,http://www.masterresellrights.com/products/master-resale-rights/start-your-own-coaching-business.html,http://www.masterresellrights.com/pub/images/products/startowncoachbusiness_mrr.png
103, How To Be A Freelance Writer ,"Kick Start Your Freelance Writing Career, Right Now! Is Your Itch To Write Getting You Nowhere? You Could Earn Over $3,000 Sitting Comfortably At Your Home!",http://www.masterresellrights.com/products/master-resale-rights/-how-to-be-a-freelance-writer-.html,http://www.masterresellrights.com/pub/images/products/howbefreelancewriter_mrr.png
104,Internet Marketing Mistakes,"Get to know about the most common mistakes that people make in Internet marketing, so that you know what to avoid and can earn the maximum returns on your investment!",http://www.masterresellrights.com/products/master-resale-rights/internet-marketing-mistakes.html,http://www.masterresellrights.com/pub/images/products/internetmarketingmistakes_mrr.png
105,Instagram Ads Success,Discover Eight Secrets To Instagram Ads Success!,http://www.masterresellrights.com/products/master-resale-rights/instagram-ads-success.html,http://www.masterresellrights.com/pub/images/products/voice-over.png
106,Make Online Cash Quick,Discover Quick And Easy Ways To Make Extra Cash!,http://www.masterresellrights.com/products/master-resale-rights/make-online-cash-quick.html,http://www.masterresellrights.com/pub/images/products/makeonlinecashquick_mrr.png
107,Launch Your Online Course,Who Else Wants To Learn How To Start and Launch Their Very Own Online Course? Turn What You Know Into An Online Course By Following This Step-by-Step Guide!,http://www.masterresellrights.com/products/master-resale-rights/launch-your-online-course.html,http://www.masterresellrights.com/pub/images/products/launchyronlncoursevids_mrr.png
108,10 Motivation Hacks From Successful People,Finally wake up feeling motivated to take on the day!,http://www.masterresellrights.com/products/master-resale-rights/10-motivation-hacks-from-successful-people.html,http://www.masterresellrights.com/pub/images/products/10motihackssuccpple_mrr.png
109,Power Of Social Media Stories For Marketers,Discover The Power Of Social Media Stories For Marketers!,http://www.masterresellrights.com/products/master-resale-rights/power-of-social-media-stories-for-marketers.html,http://www.masterresellrights.com/pub/images/products/powsocmedstormrktrs_mrr.png
110,The 7 Secrets Of Greatness,Discover The 7 Secrets To Stepping Into Your Greatness!,http://www.masterresellrights.com/products/master-resale-rights/the-7-secrets-of-greatness.html,http://www.masterresellrights.com/pub/images/products/7secretsgreatness_mrr.png
111, Failure Rates Online,Learn why online business failure rates are so high!,http://www.masterresellrights.com/products/master-resale-rights/-failure-rates-online.html,http://www.masterresellrights.com/pub/images/products/failureratesonline_mrr.png
112,Start Your Own Coaching Business,Are You Ready To Make A Significant Income Online With Your Valuable Knowledge? It’s About Time For You To Start Your Own Coaching Business!,http://www.masterresellrights.com/products/master-resale-rights/start-your-own-coaching-business.html,http://www.masterresellrights.com/pub/images/products/startowncoachbusiness_mrr.png
113, How To Be A Freelance Writer ,"Kick Start Your Freelance Writing Career, Right Now! Is Your Itch To Write Getting You Nowhere? You Could Earn Over $3,000 Sitting Comfortably At Your Home!",http://www.masterresellrights.com/products/master-resale-rights/-how-to-be-a-freelance-writer-.html,http://www.masterresellrights.com/pub/images/products/howbefreelancewriter_mrr.png
114,Internet Marketing Mistakes,"Get to know about the most common mistakes that people make in Internet marketing, so that you know what to avoid and can earn the maximum returns on your investment!",http://www.masterresellrights.com/products/master-resale-rights/internet-marketing-mistakes.html,http://www.masterresellrights.com/pub/images/products/internetmarketingmistakes_mrr.png
115,Instagram Ads Success,Discover Eight Secrets To Instagram Ads Success!,http://www.masterresellrights.com/products/master-resale-rights/instagram-ads-success.html,http://www.masterresellrights.com/pub/images/products/voice-over.png
116,Make Online Cash Quick,Discover Quick And Easy Ways To Make Extra Cash!,http://www.masterresellrights.com/products/master-resale-rights/make-online-cash-quick.html,http://www.masterresellrights.com/pub/images/products/makeonlinecashquick_mrr.png
117,Launch Your Online Course,Who Else Wants To Learn How To Start and Launch Their Very Own Online Course? Turn What You Know Into An Online Course By Following This Step-by-Step Guide!,http://www.masterresellrights.com/products/master-resale-rights/launch-your-online-course.html,http://www.masterresellrights.com/pub/images/products/launchyronlncoursevids_mrr.png
118,10 Motivation Hacks From Successful People,Finally wake up feeling motivated to take on the day!,http://www.masterresellrights.com/products/master-resale-rights/10-motivation-hacks-from-successful-people.html,http://www.masterresellrights.com/pub/images/products/10motihackssuccpple_mrr.png
119,Power Of Social Media Stories For Marketers,Discover The Power Of Social Media Stories For Marketers!,http://www.masterresellrights.com/products/master-resale-rights/power-of-social-media-stories-for-marketers.html,http://www.masterresellrights.com/pub/images/products/powsocmedstormrktrs_mrr.png
120,The 7 Secrets Of Greatness,Discover The 7 Secrets To Stepping Into Your Greatness!,http://www.masterresellrights.com/products/master-resale-rights/the-7-secrets-of-greatness.html,http://www.masterresellrights.com/pub/images/products/7secretsgreatness_mrr.png
121, Failure Rates Online,Learn why online business failure rates are so high!,http://www.masterresellrights.com/products/master-resale-rights/-failure-rates-online.html,http://www.masterresellrights.com/pub/images/products/failureratesonline_mrr.png
122,Start Your Own Coaching Business,Are You Ready To Make A Significant Income Online With Your Valuable Knowledge? It’s About Time For You To Start Your Own Coaching Business!,http://www.masterresellrights.com/products/master-resale-rights/start-your-own-coaching-business.html,http://www.masterresellrights.com/pub/images/products/startowncoachbusiness_mrr.png
123, How To Be A Freelance Writer ,"Kick Start Your Freelance Writing Career, Right Now! Is Your Itch To Write Getting You Nowhere? You Could Earn Over $3,000 Sitting Comfortably At Your Home!",http://www.masterresellrights.com/products/master-resale-rights/-how-to-be-a-freelance-writer-.html,http://www.masterresellrights.com/pub/images/products/howbefreelancewriter_mrr.png
124,Internet Marketing Mistakes,"Get to know about the most common mistakes that people make in Internet marketing, so that you know what to avoid and can earn the maximum returns on your investment!",http://www.masterresellrights.com/products/master-resale-rights/internet-marketing-mistakes.html,http://www.masterresellrights.com/pub/images/products/internetmarketingmistakes_mrr.png
125,Instagram Ads Success,Discover Eight Secrets To Instagram Ads Success!,http://www.masterresellrights.com/products/master-resale-rights/instagram-ads-success.html,http://www.masterresellrights.com/pub/images/products/voice-over.png
126,Make Online Cash Quick,Discover Quick And Easy Ways To Make Extra Cash!,http://www.masterresellrights.com/products/master-resale-rights/make-online-cash-quick.html,http://www.masterresellrights.com/pub/images/products/makeonlinecashquick_mrr.png
127,Launch Your Online Course,Who Else Wants To Learn How To Start and Launch Their Very Own Online Course? Turn What You Know Into An Online Course By Following This Step-by-Step Guide!,http://www.masterresellrights.com/products/master-resale-rights/launch-your-online-course.html,http://www.masterresellrights.com/pub/images/products/launchyronlncoursevids_mrr.png
128,10 Motivation Hacks From Successful People,Finally wake up feeling motivated to take on the day!,http://www.masterresellrights.com/products/master-resale-rights/10-motivation-hacks-from-successful-people.html,http://www.masterresellrights.com/pub/images/products/10motihackssuccpple_mrr.png
129,Power Of Social Media Stories For Marketers,Discover The Power Of Social Media Stories For Marketers!,http://www.masterresellrights.com/products/master-resale-rights/power-of-social-media-stories-for-marketers.html,http://www.masterresellrights.com/pub/images/products/powsocmedstormrktrs_mrr.png
130,The 7 Secrets Of Greatness,Discover The 7 Secrets To Stepping Into Your Greatness!,http://www.masterresellrights.com/products/master-resale-rights/the-7-secrets-of-greatness.html,http://www.masterresellrights.com/pub/images/products/7secretsgreatness_mrr.png
131, Failure Rates Online,Learn why online business failure rates are so high!,http://www.masterresellrights.com/products/master-resale-rights/-failure-rates-online.html,http://www.masterresellrights.com/pub/images/products/failureratesonline_mrr.png
132,Start Your Own Coaching Business,Are You Ready To Make A Significant Income Online With Your Valuable Knowledge? It’s About Time For You To Start Your Own Coaching Business!,http://www.masterresellrights.com/products/master-resale-rights/start-your-own-coaching-business.html,http://www.masterresellrights.com/pub/images/products/startowncoachbusiness_mrr.png
133, How To Be A Freelance Writer ,"Kick Start Your Freelance Writing Career, Right Now! Is Your Itch To Write Getting You Nowhere? You Could Earn Over $3,000 Sitting Comfortably At Your Home!",http://www.masterresellrights.com/products/master-resale-rights/-how-to-be-a-freelance-writer-.html,http://www.masterresellrights.com/pub/images/products/howbefreelancewriter_mrr.png
134,Internet Marketing Mistakes,"Get to know about the most common mistakes that people make in Internet marketing, so that you know what to avoid and can earn the maximum returns on your investment!",http://www.masterresellrights.com/products/master-resale-rights/internet-marketing-mistakes.html,http://www.masterresellrights.com/pub/images/products/internetmarketingmistakes_mrr.png
135,Instagram Ads Success,Discover Eight Secrets To Instagram Ads Success!,http://www.masterresellrights.com/products/master-resale-rights/instagram-ads-success.html,http://www.masterresellrights.com/pub/images/products/voice-over.png
136,Make Online Cash Quick,Discover Quick And Easy Ways To Make Extra Cash!,http://www.masterresellrights.com/products/master-resale-rights/make-online-cash-quick.html,http://www.masterresellrights.com/pub/images/products/makeonlinecashquick_mrr.png
137,Launch Your Online Course,Who Else Wants To Learn How To Start and Launch Their Very Own Online Course? Turn What You Know Into An Online Course By Following This Step-by-Step Guide!,http://www.masterresellrights.com/products/master-resale-rights/launch-your-online-course.html,http://www.masterresellrights.com/pub/images/products/launchyronlncoursevids_mrr.png
138,10 Motivation Hacks From Successful People,Finally wake up feeling motivated to take on the day!,http://www.masterresellrights.com/products/master-resale-rights/10-motivation-hacks-from-successful-people.html,http://www.masterresellrights.com/pub/images/products/10motihackssuccpple_mrr.png
139,Power Of Social Media Stories For Marketers,Discover The Power Of Social Media Stories For Marketers!,http://www.masterresellrights.com/products/master-resale-rights/power-of-social-media-stories-for-marketers.html,http://www.masterresellrights.com/pub/images/products/powsocmedstormrktrs_mrr.png
140,The 7 Secrets Of Greatness,Discover The 7 Secrets To Stepping Into Your Greatness!,http://www.masterresellrights.com/products/master-resale-rights/the-7-secrets-of-greatness.html,http://www.masterresellrights.com/pub/images/products/7secretsgreatness_mrr.png
141, Failure Rates Online,Learn why online business failure rates are so high!,http://www.masterresellrights.com/products/master-resale-rights/-failure-rates-online.html,http://www.masterresellrights.com/pub/images/products/failureratesonline_mrr.png
142,Start Your Own Coaching Business,Are You Ready To Make A Significant Income Online With Your Valuable Knowledge? It’s About Time For You To Start Your Own Coaching Business!,http://www.masterresellrights.com/products/master-resale-rights/start-your-own-coaching-business.html,http://www.masterresellrights.com/pub/images/products/startowncoachbusiness_mrr.png
143, How To Be A Freelance Writer ,"Kick Start Your Freelance Writing Career, Right Now! Is Your Itch To Write Getting You Nowhere? You Could Earn Over $3,000 Sitting Comfortably At Your Home!",http://www.masterresellrights.com/products/master-resale-rights/-how-to-be-a-freelance-writer-.html,http://www.masterresellrights.com/pub/images/products/howbefreelancewriter_mrr.png
144,Internet Marketing Mistakes,"Get to know about the most common mistakes that people make in Internet marketing, so that you know what to avoid and can earn the maximum returns on your investment!",http://www.masterresellrights.com/products/master-resale-rights/internet-marketing-mistakes.html,http://www.masterresellrights.com/pub/images/products/internetmarketingmistakes_mrr.png
145,Instagram Ads Success,Discover Eight Secrets To Instagram Ads Success!,http://www.masterresellrights.com/products/master-resale-rights/instagram-ads-success.html,http://www.masterresellrights.com/pub/images/products/voice-over.png
146,Make Online Cash Quick,Discover Quick And Easy Ways To Make Extra Cash!,http://www.masterresellrights.com/products/master-resale-rights/make-online-cash-quick.html,http://www.masterresellrights.com/pub/images/products/makeonlinecashquick_mrr.png
147,Launch Your Online Course,Who Else Wants To Learn How To Start and Launch Their Very Own Online Course? Turn What You Know Into An Online Course By Following This Step-by-Step Guide!,http://www.masterresellrights.com/products/master-resale-rights/launch-your-online-course.html,http://www.masterresellrights.com/pub/images/products/launchyronlncoursevids_mrr.png
148,10 Motivation Hacks From Successful People,Finally wake up feeling motivated to take on the day!,http://www.masterresellrights.com/products/master-resale-rights/10-motivation-hacks-from-successful-people.html,http://www.masterresellrights.com/pub/images/products/10motihackssuccpple_mrr.png
149,Power Of Social Media Stories For Marketers,Discover The Power Of Social Media Stories For Marketers!,http://www.masterresellrights.com/products/master-resale-rights/power-of-social-media-stories-for-marketers.html,http://www.masterresellrights.com/pub/images/products/powsocmedstormrktrs_mrr.png
150,The 7 Secrets Of Greatness,Discover The 7 Secrets To Stepping Into Your Greatness!,http://www.masterresellrights.com/products/master-resale-rights/the-7-secrets-of-greatness.html,http://www.masterresellrights.com/pub/images/products/7secretsgreatness_mrr.png
151, Failure Rates Online,Learn why online business failure rates are so high!,http://www.masterresellrights.com/products/master-resale-rights/-failure-rates-online.html,http://www.masterresellrights.com/pub/images/products/failureratesonline_mrr.png
152,Start Your Own Coaching Business,Are You Ready To Make A Significant Income Online With Your Valuable Knowledge? It’s About Time For You To Start Your Own Coaching Business!,http://www.masterresellrights.com/products/master-resale-rights/start-your-own-coaching-business.html,http://www.masterresellrights.com/pub/images/products/startowncoachbusiness_mrr.png
153, How To Be A Freelance Writer ,"Kick Start Your Freelance Writing Career, Right Now! Is Your Itch To Write Getting You Nowhere? You Could Earn Over $3,000 Sitting Comfortably At Your Home!",http://www.masterresellrights.com/products/master-resale-rights/-how-to-be-a-freelance-writer-.html,http://www.masterresellrights.com/pub/images/products/howbefreelancewriter_mrr.png
154,Internet Marketing Mistakes,"Get to know about the most common mistakes that people make in Internet marketing, so that you know what to avoid and can earn the maximum returns on your investment!",http://www.masterresellrights.com/products/master-resale-rights/internet-marketing-mistakes.html,http://www.masterresellrights.com/pub/images/products/internetmarketingmistakes_mrr.png
155,Instagram Ads Success,Discover Eight Secrets To Instagram Ads Success!,http://www.masterresellrights.com/products/master-resale-rights/instagram-ads-success.html,http://www.masterresellrights.com/pub/images/products/voice-over.png
156,Make Online Cash Quick,Discover Quick And Easy Ways To Make Extra Cash!,http://www.masterresellrights.com/products/master-resale-rights/make-online-cash-quick.html,http://www.masterresellrights.com/pub/images/products/makeonlinecashquick_mrr.png
157,Launch Your Online Course,Who Else Wants To Learn How To Start and Launch Their Very Own Online Course? Turn What You Know Into An Online Course By Following This Step-by-Step Guide!,http://www.masterresellrights.com/products/master-resale-rights/launch-your-online-course.html,http://www.masterresellrights.com/pub/images/products/launchyronlncoursevids_mrr.png
158,10 Motivation Hacks From Successful People,Finally wake up feeling motivated to take on the day!,http://www.masterresellrights.com/products/master-resale-rights/10-motivation-hacks-from-successful-people.html,http://www.masterresellrights.com/pub/images/products/10motihackssuccpple_mrr.png
159,Power Of Social Media Stories For Marketers,Discover The Power Of Social Media Stories For Marketers!,http://www.masterresellrights.com/products/master-resale-rights/power-of-social-media-stories-for-marketers.html,http://www.masterresellrights.com/pub/images/products/powsocmedstormrktrs_mrr.png
160,The 7 Secrets Of Greatness,Discover The 7 Secrets To Stepping Into Your Greatness!,http://www.masterresellrights.com/products/master-resale-rights/the-7-secrets-of-greatness.html,http://www.masterresellrights.com/pub/images/products/7secretsgreatness_mrr.png
161, Failure Rates Online,Learn why online business failure rates are so high!,http://www.masterresellrights.com/products/master-resale-rights/-failure-rates-online.html,http://www.masterresellrights.com/pub/images/products/failureratesonline_mrr.png
162,Start Your Own Coaching Business,Are You Ready To Make A Significant Income Online With Your Valuable Knowledge? It’s About Time For You To Start Your Own Coaching Business!,http://www.masterresellrights.com/products/master-resale-rights/start-your-own-coaching-business.html,http://www.masterresellrights.com/pub/images/products/startowncoachbusiness_mrr.png
163, How To Be A Freelance Writer ,"Kick Start Your Freelance Writing Career, Right Now! Is Your Itch To Write Getting You Nowhere? You Could Earn Over $3,000 Sitting Comfortably At Your Home!",http://www.masterresellrights.com/products/master-resale-rights/-how-to-be-a-freelance-writer-.html,http://www.masterresellrights.com/pub/images/products/howbefreelancewriter_mrr.png
164,Internet Marketing Mistakes,"Get to know about the most common mistakes that people make in Internet marketing, so that you know what to avoid and can earn the maximum returns on your investment!",http://www.masterresellrights.com/products/master-resale-rights/internet-marketing-mistakes.html,http://www.masterresellrights.com/pub/images/products/internetmarketingmistakes_mrr.png
165,Instagram Ads Success,Discover Eight Secrets To Instagram Ads Success!,http://www.masterresellrights.com/products/master-resale-rights/instagram-ads-success.html,http://www.masterresellrights.com/pub/images/products/voice-over.png
166,Make Online Cash Quick,Discover Quick And Easy Ways To Make Extra Cash!,http://www.masterresellrights.com/products/master-resale-rights/make-online-cash-quick.html,http://www.masterresellrights.com/pub/images/products/makeonlinecashquick_mrr.png
167,Launch Your Online Course,Who Else Wants To Learn How To Start and Launch Their Very Own Online Course? Turn What You Know Into An Online Course By Following This Step-by-Step Guide!,http://www.masterresellrights.com/products/master-resale-rights/launch-your-online-course.html,http://www.masterresellrights.com/pub/images/products/launchyronlncoursevids_mrr.png
168,10 Motivation Hacks From Successful People,Finally wake up feeling motivated to take on the day!,http://www.masterresellrights.com/products/master-resale-rights/10-motivation-hacks-from-successful-people.html,http://www.masterresellrights.com/pub/images/products/10motihackssuccpple_mrr.png
169,Power Of Social Media Stories For Marketers,Discover The Power Of Social Media Stories For Marketers!,http://www.masterresellrights.com/products/master-resale-rights/power-of-social-media-stories-for-marketers.html,http://www.masterresellrights.com/pub/images/products/powsocmedstormrktrs_mrr.png
170,The 7 Secrets Of Greatness,Discover The 7 Secrets To Stepping Into Your Greatness!,http://www.masterresellrights.com/products/master-resale-rights/the-7-secrets-of-greatness.html,http://www.masterresellrights.com/pub/images/products/7secretsgreatness_mrr.png
171, Failure Rates Online,Learn why online business failure rates are so high!,http://www.masterresellrights.com/products/master-resale-rights/-failure-rates-online.html,http://www.masterresellrights.com/pub/images/products/failureratesonline_mrr.png
172,Start Your Own Coaching Business,Are You Ready To Make A Significant Income Online With Your Valuable Knowledge? It’s About Time For You To Start Your Own Coaching Business!,http://www.masterresellrights.com/products/master-resale-rights/start-your-own-coaching-business.html,http://www.masterresellrights.com/pub/images/products/startowncoachbusiness_mrr.png
173, How To Be A Freelance Writer ,"Kick Start Your Freelance Writing Career, Right Now! Is Your Itch To Write Getting You Nowhere? You Could Earn Over $3,000 Sitting Comfortably At Your Home!",http://www.masterresellrights.com/products/master-resale-rights/-how-to-be-a-freelance-writer-.html,http://www.masterresellrights.com/pub/images/products/howbefreelancewriter_mrr.png
174,Internet Marketing Mistakes,"Get to know about the most common mistakes that people make in Internet marketing, so that you know what to avoid and can earn the maximum returns on your investment!",http://www.masterresellrights.com/products/master-resale-rights/internet-marketing-mistakes.html,http://www.masterresellrights.com/pub/images/products/internetmarketingmistakes_mrr.png
175,Instagram Ads Success,Discover Eight Secrets To Instagram Ads Success!,http://www.masterresellrights.com/products/master-resale-rights/instagram-ads-success.html,http://www.masterresellrights.com/pub/images/products/voice-over.png
176,Make Online Cash Quick,Discover Quick And Easy Ways To Make Extra Cash!,http://www.masterresellrights.com/products/master-resale-rights/make-online-cash-quick.html,http://www.masterresellrights.com/pub/images/products/makeonlinecashquick_mrr.png
177,Launch Your Online Course,Who Else Wants To Learn How To Start and Launch Their Very Own Online Course? Turn What You Know Into An Online Course By Following This Step-by-Step Guide!,http://www.masterresellrights.com/products/master-resale-rights/launch-your-online-course.html,http://www.masterresellrights.com/pub/images/products/launchyronlncoursevids_mrr.png
178,10 Motivation Hacks From Successful People,Finally wake up feeling motivated to take on the day!,http://www.masterresellrights.com/products/master-resale-rights/10-motivation-hacks-from-successful-people.html,http://www.masterresellrights.com/pub/images/products/10motihackssuccpple_mrr.png
179,Power Of Social Media Stories For Marketers,Discover The Power Of Social Media Stories For Marketers!,http://www.masterresellrights.com/products/master-resale-rights/power-of-social-media-stories-for-marketers.html,http://www.masterresellrights.com/pub/images/products/powsocmedstormrktrs_mrr.png
180,The 7 Secrets Of Greatness,Discover The 7 Secrets To Stepping Into Your Greatness!,http://www.masterresellrights.com/products/master-resale-rights/the-7-secrets-of-greatness.html,http://www.masterresellrights.com/pub/images/products/7secretsgreatness_mrr.png
181, Failure Rates Online,Learn why online business failure rates are so high!,http://www.masterresellrights.com/products/master-resale-rights/-failure-rates-online.html,http://www.masterresellrights.com/pub/images/products/failureratesonline_mrr.png
182,Start Your Own Coaching Business,Are You Ready To Make A Significant Income Online With Your Valuable Knowledge? It’s About Time For You To Start Your Own Coaching Business!,http://www.masterresellrights.com/products/master-resale-rights/start-your-own-coaching-business.html,http://www.masterresellrights.com/pub/images/products/startowncoachbusiness_mrr.png
183, How To Be A Freelance Writer ,"Kick Start Your Freelance Writing Career, Right Now! Is Your Itch To Write Getting You Nowhere? You Could Earn Over $3,000 Sitting Comfortably At Your Home!",http://www.masterresellrights.com/products/master-resale-rights/-how-to-be-a-freelance-writer-.html,http://www.masterresellrights.com/pub/images/products/howbefreelancewriter_mrr.png
184,Internet Marketing Mistakes,"Get to know about the most common mistakes that people make in Internet marketing, so that you know what to avoid and can earn the maximum returns on your investment!",http://www.masterresellrights.com/products/master-resale-rights/internet-marketing-mistakes.html,http://www.masterresellrights.com/pub/images/products/internetmarketingmistakes_mrr.png
185,Instagram Ads Success,Discover Eight Secrets To Instagram Ads Success!,http://www.masterresellrights.com/products/master-resale-rights/instagram-ads-success.html,http://www.masterresellrights.com/pub/images/products/voice-over.png
186,Make Online Cash Quick,Discover Quick And Easy Ways To Make Extra Cash!,http://www.masterresellrights.com/products/master-resale-rights/make-online-cash-quick.html,http://www.masterresellrights.com/pub/images/products/makeonlinecashquick_mrr.png
187,Launch Your Online Course,Who Else Wants To Learn How To Start and Launch Their Very Own Online Course? Turn What You Know Into An Online Course By Following This Step-by-Step Guide!,http://www.masterresellrights.com/products/master-resale-rights/launch-your-online-course.html,http://www.masterresellrights.com/pub/images/products/launchyronlncoursevids_mrr.png
188,10 Motivation Hacks From Successful People,Finally wake up feeling motivated to take on the day!,http://www.masterresellrights.com/products/master-resale-rights/10-motivation-hacks-from-successful-people.html,http://www.masterresellrights.com/pub/images/products/10motihackssuccpple_mrr.png
189,Power Of Social Media Stories For Marketers,Discover The Power Of Social Media Stories For Marketers!,http://www.masterresellrights.com/products/master-resale-rights/power-of-social-media-stories-for-marketers.html,http://www.masterresellrights.com/pub/images/products/powsocmedstormrktrs_mrr.png
190,The 7 Secrets Of Greatness,Discover The 7 Secrets To Stepping Into Your Greatness!,http://www.masterresellrights.com/products/master-resale-rights/the-7-secrets-of-greatness.html,http://www.masterresellrights.com/pub/images/products/7secretsgreatness_mrr.png
191, Failure Rates Online,Learn why online business failure rates are so high!,http://www.masterresellrights.com/products/master-resale-rights/-failure-rates-online.html,http://www.masterresellrights.com/pub/images/products/failureratesonline_mrr.png
192,Start Your Own Coaching Business,Are You Ready To Make A Significant Income Online With Your Valuable Knowledge? It’s About Time For You To Start Your Own Coaching Business!,http://www.masterresellrights.com/products/master-resale-rights/start-your-own-coaching-business.html,http://www.masterresellrights.com/pub/images/products/startowncoachbusiness_mrr.png
193, How To Be A Freelance Writer ,"Kick Start Your Freelance Writing Career, Right Now! Is Your Itch To Write Getting You Nowhere? You Could Earn Over $3,000 Sitting Comfortably At Your Home!",http://www.masterresellrights.com/products/master-resale-rights/-how-to-be-a-freelance-writer-.html,http://www.masterresellrights.com/pub/images/products/howbefreelancewriter_mrr.png
194,Internet Marketing Mistakes,"Get to know about the most common mistakes that people make in Internet marketing, so that you know what to avoid and can earn the maximum returns on your investment!",http://www.masterresellrights.com/products/master-resale-rights/internet-marketing-mistakes.html,http://www.masterresellrights.com/pub/images/products/internetmarketingmistakes_mrr.png
195,Instagram Ads Success,Discover Eight Secrets To Instagram Ads Success!,http://www.masterresellrights.com/products/master-resale-rights/instagram-ads-success.html,http://www.masterresellrights.com/pub/images/products/voice-over.png
196,Make Online Cash Quick,Discover Quick And Easy Ways To Make Extra Cash!,http://www.masterresellrights.com/products/master-resale-rights/make-online-cash-quick.html,http://www.masterresellrights.com/pub/images/products/makeonlinecashquick_mrr.png
197,Launch Your Online Course,Who Else Wants To Learn How To Start and Launch Their Very Own Online Course? Turn What You Know Into An Online Course By Following This Step-by-Step Guide!,http://www.masterresellrights.com/products/master-resale-rights/launch-your-online-course.html,http://www.masterresellrights.com/pub/images/products/launchyronlncoursevids_mrr.png
198,10 Motivation Hacks From Successful People,Finally wake up feeling motivated to take on the day!,http://www.masterresellrights.com/products/master-resale-rights/10-motivation-hacks-from-successful-people.html,http://www.masterresellrights.com/pub/images/products/10motihackssuccpple_mrr.png
199,Power Of Social Media Stories For Marketers,Discover The Power Of Social Media Stories For Marketers!,http://www.masterresellrights.com/products/master-resale-rights/power-of-social-media-stories-for-marketers.html,http://www.masterresellrights.com/pub/images/products/powsocmedstormrktrs_mrr.png
200,The 7 Secrets Of Greatness,Discover The 7 Secrets To Stepping Into Your Greatness!,http://www.masterresellrights.com/products/master-resale-rights/the-7-secrets-of-greatness.html,http://www.masterresellrights.com/pub/images/products/7secretsgreatness_mrr.png
201, Failure Rates Online,Learn why online business failure rates are so high!,http://www.masterresellrights.com/products/master-resale-rights/-failure-rates-online.html,http://www.masterresellrights.com/pub/images/products/failureratesonline_mrr.png
202,Start Your Own Coaching Business,Are You Ready To Make A Significant Income Online With Your Valuable Knowledge? It’s About Time For You To Start Your Own Coaching Business!,http://www.masterresellrights.com/products/master-resale-rights/start-your-own-coaching-business.html,http://www.masterresellrights.com/pub/images/products/startowncoachbusiness_mrr.png
203, How To Be A Freelance Writer ,"Kick Start Your Freelance Writing Career, Right Now! Is Your Itch To Write Getting You Nowhere? You Could Earn Over $3,000 Sitting Comfortably At Your Home!",http://www.masterresellrights.com/products/master-resale-rights/-how-to-be-a-freelance-writer-.html,http://www.masterresellrights.com/pub/images/products/howbefreelancewriter_mrr.png
204,Internet Marketing Mistakes,"Get to know about the most common mistakes that people make in Internet marketing, so that you know what to avoid and can earn the maximum returns on your investment!",http://www.masterresellrights.com/products/master-resale-rights/internet-marketing-mistakes.html,http://www.masterresellrights.com/pub/images/products/internetmarketingmistakes_mrr.png
205,Instagram Ads Success,Discover Eight Secrets To Instagram Ads Success!,http://www.masterresellrights.com/products/master-resale-rights/instagram-ads-success.html,http://www.masterresellrights.com/pub/images/products/voice-over.png
206,Make Online Cash Quick,Discover Quick And Easy Ways To Make Extra Cash!,http://www.masterresellrights.com/products/master-resale-rights/make-online-cash-quick.html,http://www.masterresellrights.com/pub/images/products/makeonlinecashquick_mrr.png
207,Launch Your Online Course,Who Else Wants To Learn How To Start and Launch Their Very Own Online Course? Turn What You Know Into An Online Course By Following This Step-by-Step Guide!,http://www.masterresellrights.com/products/master-resale-rights/launch-your-online-course.html,http://www.masterresellrights.com/pub/images/products/launchyronlncoursevids_mrr.png
208,10 Motivation Hacks From Successful People,Finally wake up feeling motivated to take on the day!,http://www.masterresellrights.com/products/master-resale-rights/10-motivation-hacks-from-successful-people.html,http://www.masterresellrights.com/pub/images/products/10motihackssuccpple_mrr.png
209,Power Of Social Media Stories For Marketers,Discover The Power Of Social Media Stories For Marketers!,http://www.masterresellrights.com/products/master-resale-rights/power-of-social-media-stories-for-marketers.html,http://www.masterresellrights.com/pub/images/products/powsocmedstormrktrs_mrr.png
210,The 7 Secrets Of Greatness,Discover The 7 Secrets To Stepping Into Your Greatness!,http://www.masterresellrights.com/products/master-resale-rights/the-7-secrets-of-greatness.html,http://www.masterresellrights.com/pub/images/products/7secretsgreatness_mrr.png
211, Failure Rates Online,Learn why online business failure rates are so high!,http://www.masterresellrights.com/products/master-resale-rights/-failure-rates-online.html,http://www.masterresellrights.com/pub/images/products/failureratesonline_mrr.png
212,Start Your Own Coaching Business,Are You Ready To Make A Significant Income Online With Your Valuable Knowledge? It’s About Time For You To Start Your Own Coaching Business!,http://www.masterresellrights.com/products/master-resale-rights/start-your-own-coaching-business.html,http://www.masterresellrights.com/pub/images/products/startowncoachbusiness_mrr.png
213, How To Be A Freelance Writer ,"Kick Start Your Freelance Writing Career, Right Now! Is Your Itch To Write Getting You Nowhere? You Could Earn Over $3,000 Sitting Comfortably At Your Home!",http://www.masterresellrights.com/products/master-resale-rights/-how-to-be-a-freelance-writer-.html,http://www.masterresellrights.com/pub/images/products/howbefreelancewriter_mrr.png
214,Internet Marketing Mistakes,"Get to know about the most common mistakes that people make in Internet marketing, so that you know what to avoid and can earn the maximum returns on your investment!",http://www.masterresellrights.com/products/master-resale-rights/internet-marketing-mistakes.html,http://www.masterresellrights.com/pub/images/products/internetmarketingmistakes_mrr.png
215,Instagram Ads Success,Discover Eight Secrets To Instagram Ads Success!,http://www.masterresellrights.com/products/master-resale-rights/instagram-ads-success.html,http://www.masterresellrights.com/pub/images/products/voice-over.png
216,Make Online Cash Quick,Discover Quick And Easy Ways To Make Extra Cash!,http://www.masterresellrights.com/products/master-resale-rights/make-online-cash-quick.html,http://www.masterresellrights.com/pub/images/products/makeonlinecashquick_mrr.png
217,Launch Your Online Course,Who Else Wants To Learn How To Start and Launch Their Very Own Online Course? Turn What You Know Into An Online Course By Following This Step-by-Step Guide!,http://www.masterresellrights.com/products/master-resale-rights/launch-your-online-course.html,http://www.masterresellrights.com/pub/images/products/launchyronlncoursevids_mrr.png
218,10 Motivation Hacks From Successful People,Finally wake up feeling motivated to take on the day!,http://www.masterresellrights.com/products/master-resale-rights/10-motivation-hacks-from-successful-people.html,http://www.masterresellrights.com/pub/images/products/10motihackssuccpple_mrr.png
219,Power Of Social Media Stories For Marketers,Discover The Power Of Social Media Stories For Marketers!,http://www.masterresellrights.com/products/master-resale-rights/power-of-social-media-stories-for-marketers.html,http://www.masterresellrights.com/pub/images/products/powsocmedstormrktrs_mrr.png
220,The 7 Secrets Of Greatness,Discover The 7 Secrets To Stepping Into Your Greatness!,http://www.masterresellrights.com/products/master-resale-rights/the-7-secrets-of-greatness.html,http://www.masterresellrights.com/pub/images/products/7secretsgreatness_mrr.png
221, Failure Rates Online,Learn why online business failure rates are so high!,http://www.masterresellrights.com/products/master-resale-rights/-failure-rates-online.html,http://www.masterresellrights.com/pub/images/products/failureratesonline_mrr.png
222,Start Your Own Coaching Business,Are You Ready To Make A Significant Income Online With Your Valuable Knowledge? It’s About Time For You To Start Your Own Coaching Business!,http://www.masterresellrights.com/products/master-resale-rights/start-your-own-coaching-business.html,http://www.masterresellrights.com/pub/images/products/startowncoachbusiness_mrr.png
223, How To Be A Freelance Writer ,"Kick Start Your Freelance Writing Career, Right Now! Is Your Itch To Write Getting You Nowhere? You Could Earn Over $3,000 Sitting Comfortably At Your Home!",http://www.masterresellrights.com/products/master-resale-rights/-how-to-be-a-freelance-writer-.html,http://www.masterresellrights.com/pub/images/products/howbefreelancewriter_mrr.png
224,Internet Marketing Mistakes,"Get to know about the most common mistakes that people make in Internet marketing, so that you know what to avoid and can earn the maximum returns on your investment!",http://www.masterresellrights.com/products/master-resale-rights/internet-marketing-mistakes.html,http://www.masterresellrights.com/pub/images/products/internetmarketingmistakes_mrr.png
225,Instagram Ads Success,Discover Eight Secrets To Instagram Ads Success!,http://www.masterresellrights.com/products/master-resale-rights/instagram-ads-success.html,http://www.masterresellrights.com/pub/images/products/voice-over.png
226,Make Online Cash Quick,Discover Quick And Easy Ways To Make Extra Cash!,http://www.masterresellrights.com/products/master-resale-rights/make-online-cash-quick.html,http://www.masterresellrights.com/pub/images/products/makeonlinecashquick_mrr.png
227,Launch Your Online Course,Who Else Wants To Learn How To Start and Launch Their Very Own Online Course? Turn What You Know Into An Online Course By Following This Step-by-Step Guide!,http://www.masterresellrights.com/products/master-resale-rights/launch-your-online-course.html,http://www.masterresellrights.com/pub/images/products/launchyronlncoursevids_mrr.png
228,10 Motivation Hacks From Successful People,Finally wake up feeling motivated to take on the day!,http://www.masterresellrights.com/products/master-resale-rights/10-motivation-hacks-from-successful-people.html,http://www.masterresellrights.com/pub/images/products/10motihackssuccpple_mrr.png
229,Power Of Social Media Stories For Marketers,Discover The Power Of Social Media Stories For Marketers!,http://www.masterresellrights.com/products/master-resale-rights/power-of-social-media-stories-for-marketers.html,http://www.masterresellrights.com/pub/images/products/powsocmedstormrktrs_mrr.png
230,The 7 Secrets Of Greatness,Discover The 7 Secrets To Stepping Into Your Greatness!,http://www.masterresellrights.com/products/master-resale-rights/the-7-secrets-of-greatness.html,http://www.masterresellrights.com/pub/images/products/7secretsgreatness_mrr.png
231, Failure Rates Online,Learn why online business failure rates are so high!,http://www.masterresellrights.com/products/master-resale-rights/-failure-rates-online.html,http://www.masterresellrights.com/pub/images/products/failureratesonline_mrr.png
232,Start Your Own Coaching Business,Are You Ready To Make A Significant Income Online With Your Valuable Knowledge? It’s About Time For You To Start Your Own Coaching Business!,http://www.masterresellrights.com/products/master-resale-rights/start-your-own-coaching-business.html,http://www.masterresellrights.com/pub/images/products/startowncoachbusiness_mrr.png
233, How To Be A Freelance Writer ,"Kick Start Your Freelance Writing Career, Right Now! Is Your Itch To Write Getting You Nowhere? You Could Earn Over $3,000 Sitting Comfortably At Your Home!",http://www.masterresellrights.com/products/master-resale-rights/-how-to-be-a-freelance-writer-.html,http://www.masterresellrights.com/pub/images/products/howbefreelancewriter_mrr.png
234,Internet Marketing Mistakes,"Get to know about the most common mistakes that people make in Internet marketing, so that you know what to avoid and can earn the maximum returns on your investment!",http://www.masterresellrights.com/products/master-resale-rights/internet-marketing-mistakes.html,http://www.masterresellrights.com/pub/images/products/internetmarketingmistakes_mrr.png
235,Instagram Ads Success,Discover Eight Secrets To Instagram Ads Success!,http://www.masterresellrights.com/products/master-resale-rights/instagram-ads-success.html,http://www.masterresellrights.com/pub/images/products/voice-over.png
236,Make Online Cash Quick,Discover Quick And Easy Ways To Make Extra Cash!,http://www.masterresellrights.com/products/master-resale-rights/make-online-cash-quick.html,http://www.masterresellrights.com/pub/images/products/makeonlinecashquick_mrr.png
237,Launch Your Online Course,Who Else Wants To Learn How To Start and Launch Their Very Own Online Course? Turn What You Know Into An Online Course By Following This Step-by-Step Guide!,http://www.masterresellrights.com/products/master-resale-rights/launch-your-online-course.html,http://www.masterresellrights.com/pub/images/products/launchyronlncoursevids_mrr.png
238,10 Motivation Hacks From Successful People,Finally wake up feeling motivated to take on the day!,http://www.masterresellrights.com/products/master-resale-rights/10-motivation-hacks-from-successful-people.html,http://www.masterresellrights.com/pub/images/products/10motihackssuccpple_mrr.png
239,Power Of Social Media Stories For Marketers,Discover The Power Of Social Media Stories For Marketers!,http://www.masterresellrights.com/products/master-resale-rights/power-of-social-media-stories-for-marketers.html,http://www.masterresellrights.com/pub/images/products/powsocmedstormrktrs_mrr.png
240,The 7 Secrets Of Greatness,Discover The 7 Secrets To Stepping Into Your Greatness!,http://www.masterresellrights.com/products/master-resale-rights/the-7-secrets-of-greatness.html,http://www.masterresellrights.com/pub/images/products/7secretsgreatness_mrr.png
241, Failure Rates Online,Learn why online business failure rates are so high!,http://www.masterresellrights.com/products/master-resale-rights/-failure-rates-online.html,http://www.masterresellrights.com/pub/images/products/failureratesonline_mrr.png
242,Start Your Own Coaching Business,Are You Ready To Make A Significant Income Online With Your Valuable Knowledge? It’s About Time For You To Start Your Own Coaching Business!,http://www.masterresellrights.com/products/master-resale-rights/start-your-own-coaching-business.html,http://www.masterresellrights.com/pub/images/products/startowncoachbusiness_mrr.png
243, How To Be A Freelance Writer ,"Kick Start Your Freelance Writing Career, Right Now! Is Your Itch To Write Getting You Nowhere? You Could Earn Over $3,000 Sitting Comfortably At Your Home!",http://www.masterresellrights.com/products/master-resale-rights/-how-to-be-a-freelance-writer-.html,http://www.masterresellrights.com/pub/images/products/howbefreelancewriter_mrr.png
244,Internet Marketing Mistakes,"Get to know about the most common mistakes that people make in Internet marketing, so that you know what to avoid and can earn the maximum returns on your investment!",http://www.masterresellrights.com/products/master-resale-rights/internet-marketing-mistakes.html,http://www.masterresellrights.com/pub/images/products/internetmarketingmistakes_mrr.png
245,Instagram Ads Success,Discover Eight Secrets To Instagram Ads Success!,http://www.masterresellrights.com/products/master-resale-rights/instagram-ads-success.html,http://www.masterresellrights.com/pub/images/products/voice-over.png
246,Make Online Cash Quick,Discover Quick And Easy Ways To Make Extra Cash!,http://www.masterresellrights.com/products/master-resale-rights/make-online-cash-quick.html,http://www.masterresellrights.com/pub/images/products/makeonlinecashquick_mrr.png
247,Launch Your Online Course,Who Else Wants To Learn How To Start and Launch Their Very Own Online Course? Turn What You Know Into An Online Course By Following This Step-by-Step Guide!,http://www.masterresellrights.com/products/master-resale-rights/launch-your-online-course.html,http://www.masterresellrights.com/pub/images/products/launchyronlncoursevids_mrr.png
248,10 Motivation Hacks From Successful People,Finally wake up feeling motivated to take on the day!,http://www.masterresellrights.com/products/master-resale-rights/10-motivation-hacks-from-successful-people.html,http://www.masterresellrights.com/pub/images/products/10motihackssuccpple_mrr.png
249,Power Of Social Media Stories For Marketers,Discover The Power Of Social Media Stories For Marketers!,http://www.masterresellrights.com/products/master-resale-rights/power-of-social-media-stories-for-marketers.html,http://www.masterresellrights.com/pub/images/products/powsocmedstormrktrs_mrr.png
250,The 7 Secrets Of Greatness,Discover The 7 Secrets To Stepping Into Your Greatness!,http://www.masterresellrights.com/products/master-resale-rights/the-7-secrets-of-greatness.html,http://www.masterresellrights.com/pub/images/products/7secretsgreatness_mrr.png
251, Failure Rates Online,Learn why online business failure rates are so high!,http://www.masterresellrights.com/products/master-resale-rights/-failure-rates-online.html,http://www.masterresellrights.com/pub/images/products/failureratesonline_mrr.png
252,Start Your Own Coaching Business,Are You Ready To Make A Significant Income Online With Your Valuable Knowledge? It’s About Time For You To Start Your Own Coaching Business!,http://www.masterresellrights.com/products/master-resale-rights/start-your-own-coaching-business.html,http://www.masterresellrights.com/pub/images/products/startowncoachbusiness_mrr.png
253, How To Be A Freelance Writer ,"Kick Start Your Freelance Writing Career, Right Now! Is Your Itch To Write Getting You Nowhere? You Could Earn Over $3,000 Sitting Comfortably At Your Home!",http://www.masterresellrights.com/products/master-resale-rights/-how-to-be-a-freelance-writer-.html,http://www.masterresellrights.com/pub/images/products/howbefreelancewriter_mrr.png
254,Internet Marketing Mistakes,"Get to know about the most common mistakes that people make in Internet marketing, so that you know what to avoid and can earn the maximum returns on your investment!",http://www.masterresellrights.com/products/master-resale-rights/internet-marketing-mistakes.html,http://www.masterresellrights.com/pub/images/products/internetmarketingmistakes_mrr.png
255,Instagram Ads Success,Discover Eight Secrets To Instagram Ads Success!,http://www.masterresellrights.com/products/master-resale-rights/instagram-ads-success.html,http://www.masterresellrights.com/pub/images/products/voice-over.png
256,Make Online Cash Quick,Discover Quick And Easy Ways To Make Extra Cash!,http://www.masterresellrights.com/products/master-resale-rights/make-online-cash-quick.html,http://www.masterresellrights.com/pub/images/products/makeonlinecashquick_mrr.png
257,Launch Your Online Course,Who Else Wants To Learn How To Start and Launch Their Very Own Online Course? Turn What You Know Into An Online Course By Following This Step-by-Step Guide!,http://www.masterresellrights.com/products/master-resale-rights/launch-your-online-course.html,http://www.masterresellrights.com/pub/images/products/launchyronlncoursevids_mrr.png
258,10 Motivation Hacks From Successful People,Finally wake up feeling motivated to take on the day!,http://www.masterresellrights.com/products/master-resale-rights/10-motivation-hacks-from-successful-people.html,http://www.masterresellrights.com/pub/images/products/10motihackssuccpple_mrr.png
259,Power Of Social Media Stories For Marketers,Discover The Power Of Social Media Stories For Marketers!,http://www.masterresellrights.com/products/master-resale-rights/power-of-social-media-stories-for-marketers.html,http://www.masterresellrights.com/pub/images/products/powsocmedstormrktrs_mrr.png
260,The 7 Secrets Of Greatness,Discover The 7 Secrets To Stepping Into Your Greatness!,http://www.masterresellrights.com/products/master-resale-rights/the-7-secrets-of-greatness.html,http://www.masterresellrights.com/pub/images/products/7secretsgreatness_mrr.png
261, Failure Rates Online,Learn why online business failure rates are so high!,http://www.masterresellrights.com/products/master-resale-rights/-failure-rates-online.html,http://www.masterresellrights.com/pub/images/products/failureratesonline_mrr.png
262,Start Your Own Coaching Business,Are You Ready To Make A Significant Income Online With Your Valuable Knowledge? It’s About Time For You To Start Your Own Coaching Business!,http://www.masterresellrights.com/products/master-resale-rights/start-your-own-coaching-business.html,http://www.masterresellrights.com/pub/images/products/startowncoachbusiness_mrr.png
263, How To Be A Freelance Writer ,"Kick Start Your Freelance Writing Career, Right Now! Is Your Itch To Write Getting You Nowhere? You Could Earn Over $3,000 Sitting Comfortably At Your Home!",http://www.masterresellrights.com/products/master-resale-rights/-how-to-be-a-freelance-writer-.html,http://www.masterresellrights.com/pub/images/products/howbefreelancewriter_mrr.png
264,Internet Marketing Mistakes,"Get to know about the most common mistakes that people make in Internet marketing, so that you know what to avoid and can earn the maximum returns on your investment!",http://www.masterresellrights.com/products/master-resale-rights/internet-marketing-mistakes.html,http://www.masterresellrights.com/pub/images/products/internetmarketingmistakes_mrr.png
265,Instagram Ads Success,Discover Eight Secrets To Instagram Ads Success!,http://www.masterresellrights.com/products/master-resale-rights/instagram-ads-success.html,http://www.masterresellrights.com/pub/images/products/voice-over.png
266,Make Online Cash Quick,Discover Quick And Easy Ways To Make Extra Cash!,http://www.masterresellrights.com/products/master-resale-rights/make-online-cash-quick.html,http://www.masterresellrights.com/pub/images/products/makeonlinecashquick_mrr.png
267,Launch Your Online Course,Who Else Wants To Learn How To Start and Launch Their Very Own Online Course? Turn What You Know Into An Online Course By Following This Step-by-Step Guide!,http://www.masterresellrights.com/products/master-resale-rights/launch-your-online-course.html,http://www.masterresellrights.com/pub/images/products/launchyronlncoursevids_mrr.png
268,10 Motivation Hacks From Successful People,Finally wake up feeling motivated to take on the day!,http://www.masterresellrights.com/products/master-resale-rights/10-motivation-hacks-from-successful-people.html,http://www.masterresellrights.com/pub/images/products/10motihackssuccpple_mrr.png
269,Power Of Social Media Stories For Marketers,Discover The Power Of Social Media Stories For Marketers!,http://www.masterresellrights.com/products/master-resale-rights/power-of-social-media-stories-for-marketers.html,http://www.masterresellrights.com/pub/images/products/powsocmedstormrktrs_mrr.png
